placement_name,placement_id,type,app_name,app_id,account,aapid
C3LT5RIG6ygtmUwiL+IHQoMHTty=,nJa3mtm0mZGZotm3otq0mq==,5y6F55sF,6lsI57Up6yEr6j6n,mteXmti0ndi3mW==,mtCYmtyWnZyXmW==,mtCYmtyWnZyXm18XmteXmJq0mJCZxZyWnZeZndm4mZKZnZK0nde=
C3LT5RIG6ygtmUwiL+IHQoMHTte2,otaZmtu0mZGZoty3mZuWmW==,5y6F55sF,6lsI57Up6yEr6j6n,mteXmti0ndi3mW==,mtCYmtyWnZyXmW==,mtCYmtyWnZyXm18XmteXmJq0mJCZxZKWmZe1ndm4mZK2nZm1mdm=
C3LT5RIG6ygtmUwgHEwUUEMHTti0,mZa2mte0nJG2otu3mJGZmq==,5y6F55sF,6lsI57Up6yEr6j6n,mteXmti0ndi3mW==,mtCYmtyWnZyXmW==,mtCYmtyWnZyXm18XmteXmJq0mJCZxZmWnJeXndy4nJK1nZi4mZe=
C3LT5RIG6ygtmUwgHEwUUEMHTtu=,nta3mtu0mtGZotu3mZu3oq==,5y6F55sF,6lsI57Up6yEr6j6n,mteXmti0ndi3mW==,mtCYmtyWnZyXmW==,mtCYmtyWnZyXm18XmteXmJq0mJCZxZuWnZe1nde4mZK1nZm1nZK=
C3LT5RIG6ygtmUMMLUMHTte2,nZaYmtm0ntGXoty3mtmZmW==,5y6F55sF,6lsI57Up6yEr6j6n,mteXmti0ndi3mW==,mtCYmtyWnZyXmW==,mtCYmtyWnZyXm18XmteXmJq0mJCZxZCWmJeZndu4mtK2nZeZmZm=
C3LT5RIG6ygtmUMMLUMHTteY,ndaYmtK0ndG0oty3odi5nW==,5y6F55sF,6lsI57Up6yEr6j6n,mteXmti0ndi3mW==,mtCYmtyWnZyXmW==,mtCYmtyWnZyXm18XmteXmJq0mJCZxZqWmJe5ndq4ndK2nZGYotC=
C3LT5RIG6ygtmUwgHEwUUEMHTtiZ,ntaZmtK0mZGXotu3nZGXma==,5y6F55sF,6lsI57Up6yEr6j6n,mteXmti0ndi3mW==,mtCYmtyWnZyXmW==,mtCYmtyWnZyXm18XmteXmJq0mJCZxZuWmZe5ndm4mtK1nZC4mta=
C3LT5RIG6ygtmUMMLUMHTtq=,ota1mty0otGWotG3mZeYnW==,5y6F55sF,6lsI57Up6yEr6j6n,mteXmti0ndi3mW==,mtCYmtyWnZyXmW==,mtCYmtyWnZyXm18XmteXmJq0mJCZxZKWnte2ndK4mdK4nZmXmJC=
C3LT5RIG6ygtmUwgHEwUUEMHTtq=,odaXmte0odG4oty3nZu4oa==,5y6F55sF,6lsI57Up6yEr6j6n,mteXmti0ndi3mW==,mtCYmtyWnZyXmW==,mtCYmtyWnZyXm18XmteXmJq0mJCZxZGWmteXndG4odK2nZC1odG=
C3LT5RIG6ygtmUMMLUMHTEApKUwXJW==,nZaZmty0nJG5otu3otG3mW==,5O+s5BgpmI4W,6lsI57Up6yEr6j6n,mteXmti0ndi3mW==,mtCYmtyWnZyXmW==,mtCYmtyWnZyXm18XmteXmJq0mJCZxZCWmZe2ndy4otK1nZK4nZm=
C3LT5RIG6ygtmUwiL+IHQoMHTte=,mtaXmta0ndG0otK3mtmZna==,5y6F55sF,6lsI57Up6yEr6j6n,mteXmti0ndi3mW==,mtCYmtyWnZyXmW==,mtCYmtyWnZyXm18XmteXmJq0mJCZxZeWmteWndq4ndK5nZeZmZq=
C3LT5RIG6ygtmUwgHEwUUEMHTtm=,mJaWmta0nZG2otm3ndu4nW==,5y6F55sF,6lsI57Up6yEr6j6n,mteXmti0ndi3mW==,mtCYmtyWnZyXmW==,mtCYmtyWnZyXm18XmteXmJq0mJCZxZiWmdeWndC4nJKZnZq1odC=
C3LT5RIG6ygtmUMMLUMHTtC=,ota4mtG0otGYoty3mti0ma==,5y6F55sF,6lsI57Up6yEr6j6n,mteXmti0ndi3mW==,mtCYmtyWnZyXmW==,mtCYmtyWnZyXm18XmteXmJq0mJCZxZKWode4ndK4mJK2nZeYnda=
C3LT5RIG6ygtmUwgHEwUUEMHTti1,nZa1mty0ntG2otq3mtG0mG==,5y6F55sF,6lsI57Up6yEr6j6n,mteXmti0ndi3mW==,mtCYmtyWnZyXmW==,mtCYmtyWnZyXm18XmteXmJq0mJCZxZCWnte2ndu4nJK0nZe4ndi=
C3LT5RIG6ygtmUMMLUMHTte=,ota2mtm0mdG0ote3ndeYmq==,5y6F55sF,6lsI57Up6yEr6j6n,mteXmti0ndi3mW==,mtCYmtyWnZyXmW==,mtCYmtyWnZyXm18XmteXmJq0mJCZxZKWnJeZnda4ndKXnZqXmJe=
A2JMUkdPGzmX5yIx6kgO6Ag1mG==,nZaZmte0odG4nZu5odiZoq==,5y6F55sF,5As05P2H6lwe6k6V,mteXmtmYmJaZoa==,mtCYmtyWnZyXmW==,mtCYmtyWnZyXm18XmteXmZiYmdm4xZCWmZeXndG4odC1otGYmZK=
A2JMUkdPGzmX5yAf5A656Ag1mq==,ota0mte0nZGXnZq5mZq2na==,5y6F55sF,5As05P2H6lwe6k6V,mteXmtmYmJaZoa==,mtCYmtyWnZyXmW==,mtCYmtyWnZyXm18XmteXmZiYmdm4xZKWndeXndC4mtC0otm0nJq=
A2JMUkdPGzmX6AAw6Ag1mq==,nJa0mtu0ntGZnZu5mteXnq==,5y6F55sF,5As05P2H6lwe6k6V,mteXmtmYmJaZoa==,mtCYmtyWnZyXmW==,mtCYmtyWnZyXm18XmteXmZiYmdm4xZyWnde1ndu4mZC1oteXmtu=
A2JMUkdPGzmX5yAf5A656Ag1mG==,oda2mtq0nZG5nZe5mtq4nq==,5y6F55sF,5As05P2H6lwe6k6V,mteXmtmYmJaZoa==,mtCYmtyWnZyXmW==,mtCYmtyWnZyXm18XmteXmZiYmdm4xZGWnJe0ndC4otCXote0odu=
A2JMUkdPGzmX5yIx6kgO6Ag1mq==,mZa3mtK0nZG5nZC5mdiXoa==,5y6F55sF,5As05P2H6lwe6k6V,mteXmtmYmJaZoa==,mtCYmtyWnZyXmW==,mtCYmtyWnZyXm18XmteXmZiYmdm4xZmWnZe5ndC4otC3otaYmtG=
A2JMUkdPGzmX5yIx6kgO6Ag1nG==,mJa0mti0ntG0nZq5nJmYmW==,5y6F55sF,5As05P2H6lwe6k6V,mteXmtmYmJaZoa==,mtCYmtyWnZyXmW==,mtCYmtyWnZyXm18XmteXmZiYmdm4xZiWndeYndu4ndC0otyZmJm=
A2JMUkdPGzmX5yAf5A656Ag1mJm=,mZaXmta0odGWnZC5mty3nG==,5y6F55sF,5As05P2H6lwe6k6V,mteXmtmYmJaZoa==,mtCYmtyWnZyXmW==,mtCYmtyWnZyXm18XmteXmZiYmdm4xZmWmteWndG4mdC3ote2nZy=
A2JMUkdPGzmX6AAw6Ag1nW==,nta0mta0ndG5nZu5mJeYoa==,5y6F55sF,5As05P2H6lwe6k6V,mteXmtmYmJaZoa==,mtCYmtyWnZyXmW==,mtCYmtyWnZyXm18XmteXmZiYmdm4xZuWndeWndq4otC1otiXmJG=
A2JMUkdPGzmX5yAf5A656Ag1mJu=,odaYmtu0ndG2nZG5ndy5oa==,5y6F55sF,5As05P2H6lwe6k6V,mteXmtmYmJaZoa==,mtCYmtyWnZyXmW==,mtCYmtyWnZyXm18XmteXmZiYmdm4xZGWmJe1ndq4nJC4otq2otG=
A2JMUkdPGzmX5yAf5A656Ag1nq==,nta0mtu0mJG3nZe5otq5oa==,5y6F55sF,5As05P2H6lwe6k6V,mteXmtmYmJaZoa==,mtCYmtyWnZyXmW==,mtCYmtyWnZyXm18XmteXmZiYmdm4xZuWnde1ndi4nZCXotK0otG=
A2JMUkdPGzmX5yAf5A656Ag1mJq=,oda1mtK0mdGZnZG5ntyYnW==,5y6F55sF,5As05P2H6lwe6k6V,mteXmtmYmJaZoa==,mtCYmtyWnZyXmW==,mtCYmtyWnZyXm18XmteXmZiYmdm4xZGWnte5nda4mZC4otu2mJC=
A2JMUkdPGzmX6AAw6Ag1mG==,otaYmtq0mZG2nZy5ode0na==,5y6F55sF,5As05P2H6lwe6k6V,mteXmtmYmJaZoa==,mtCYmtyWnZyXmW==,mtCYmtyWnZyXm18XmteXmZiYmdm4xZKWmJe0ndm4nJC2otGXndq=
A2JMUkdPGzmX5yIx6kgO6Ag1oq==,nta3mte0mdG4nZG5mZm5nG==,5y6F55sF,5As05P2H6lwe6k6V,mteXmtmYmJaZoa==,mtCYmtyWnZyXmW==,mtCYmtyWnZyXm18XmteXmZiYmdm4xZuWnZeXnda4odC4otmZoty=
A2JMUkdPGzmX5yAf5A656Ag1mW==,mta3mtq0ndG1nZy5mdq1nG==,5y6F55sF,5As05P2H6lwe6k6V,mteXmtmYmJaZoa==,mtCYmtyWnZyXmW==,mtCYmtyWnZyXm18XmteXmZiYmdm4xZeWnZe0ndq4ntC2ota0nty=
A2JMUkdPGzmX5yAf5A656Ag1nG==,nZa5mti0ntG3nZm5mdqWoq==,5y6F55sF,5As05P2H6lwe6k6V,mteXmtmYmJaZoa==,mtCYmtyWnZyXmW==,mtCYmtyWnZyXm18XmteXmZiYmdm4xZCWoteYndu4nZCZota0mdK=
A2JMUkdPGzm45yAf5A656Ag15O+s5Bgp,oda5mtC1nZqXmdq3nJm4mG==,5O+s5BgpmI4W,5y6g5y+Y6kEJ6k+7,mteXmti0ndi1nW==,mtCYmtyWnZyXmW==,mtCYmtyWnZyXm18XmteXmJq0mJu3xZGWote3ntC0mta0nZyZodi=
A2JMUkdPGzm46AAw6Ag15O+s5Bgp,oda0mtC1mtq0mdC3odm3mq==,5O+s5BgpmI4W,5y6g5y+Y6kEJ6k+7,mteXmti0ndi1nW==,mtCYmtyWnZyXmW==,mtCYmtyWnZyXm18XmteXmJq0mJu3xZGWnde3nte0nda3nZGZnZe=
A2JMUkdPGzm45yAf5A656Ag1mJu=,mta1mtG1mdqXmdG3mtm5ma==,5y6F55sF,5y6g5y+Y6kEJ6k+7,mteXmti0ndi1nW==,mtCYmtyWnZyXmW==,mtCYmtyWnZyXm18XmteXmJq0mJu3xZeWnte4nta0mta4nZeZota=
A2JMUkdPGzm45yAf5A656Ag1mJq=,oda3mtG1odq5mdG3nti1oq==,5y6F55sF,5y6g5y+Y6kEJ6k+7,mteXmti0ndi1nW==,mtCYmtyWnZyXmW==,mtCYmtyWnZyXm18XmteXmJq0mJu3xZGWnZe4ntG0ota4nZuYntK=
A2JMUkdPGzm45yAf5A656Ag1mJm=,ota1mtC1mtq4mdm3mdiWoa==,5y6F55sF,5y6g5y+Y6kEJ6k+7,mteXmti0ndi1nW==,mtCYmtyWnZyXmW==,mtCYmtyWnZyXm18XmteXmJq0mJu3xZKWnte3nte0odaZnZaYmdG=
A2JMUkdPGzm45yAf5A656Ag1mJi=,mJa3mtC1mtq1mdy3mJiXnW==,5y6F55sF,5y6g5y+Y6kEJ6k+7,mteXmti0ndi1nW==,mtCYmtyWnZyXmW==,mtCYmtyWnZyXm18XmteXmJq0mJu3xZiWnZe3nte0nta2nZiYmtC=
A2JMUkdPGzm45yAf5A656Ag1mJe=,otaYmtq1ndq2mdm3odiYnq==,5y6F55sF,5y6g5y+Y6kEJ6k+7,mteXmti0ndi1nW==,mtCYmtyWnZyXmW==,mtCYmtyWnZyXm18XmteXmJq0mJu3xZKWmJe0ntq0nJaZnZGYmJu=
A2JMUkdPGzm45yAf5A656Ag1mJa=,otaWmtu1mJq5mda3oti3na==,5y6F55sF,5y6g5y+Y6kEJ6k+7,mteXmti0ndi1nW==,mtCYmtyWnZyXmW==,mtCYmtyWnZyXm18XmteXmJq0mJu3xZKWmde1nti0otaWnZKYnZq=
A2JMUkdPGzm45yAf5A656Ag1mtK=,oda2mte1odq3mdK3oti5mW==,5y6F55sF,5y6g5y+Y6kEJ6k+7,mteXmti0ndi1nW==,mtCYmtyWnZyXmW==,mtCYmtyWnZyXm18XmteXmJq0mJu3xZGWnJeXntG0nZa5nZKYotm=
A2JMUkdPGzm45yAf5A656Ag1mtG=,oda2mta1odqXmda3odi3mq==,5y6F55sF,5y6g5y+Y6kEJ6k+7,mteXmti0ndi1nW==,mtCYmtyWnZyXmW==,mtCYmtyWnZyXm18XmteXmJq0mJu3xZGWnJeWntG0mtaWnZGYnZe=
A2JMUkdPGzm45yAf5A656Ag1mtC=,nZa0mtK1nZqZmdG3oti5ma==,5y6F55sF,5y6g5y+Y6kEJ6k+7,mteXmti0ndi1nW==,mtCYmtyWnZyXmW==,mtCYmtyWnZyXm18XmteXmJq0mJu3xZCWnde5ntC0mZa4nZKYota=
A2JMUkdPGzm45yAf5A656Ag1mty=,mZaYmte1mdq1mdK3nJeYoq==,5y6F55sF,5y6g5y+Y6kEJ6k+7,mteXmti0ndi1nW==,mtCYmtyWnZyXmW==,mtCYmtyWnZyXm18XmteXmJq0mJu3xZmWmJeXnta0nta5nZyXmJK=
A2JMUkdPGzm45yAf5A656Ag1mtu=,nta0mty1ntqWmde3mte0oa==,5y6F55sF,5y6g5y+Y6kEJ6k+7,mteXmti0ndi1nW==,mtCYmtyWnZyXmW==,mtCYmtyWnZyXm18XmteXmJq0mJu3xZuWnde2ntu0mdaXnZeXndG=
A2JMUkdPGzm45yAf5A656Ag1mtq=,nda2mtC1mJqZmdK3nteXnW==,5y6F55sF,5y6g5y+Y6kEJ6k+7,mteXmti0ndi1nW==,mtCYmtyWnZyXmW==,mtCYmtyWnZyXm18XmteXmJq0mJu3xZqWnJe3nti0mZa5nZuXmtC=
A2JMUkdPGzm45yAf5A656Ag1mtm=,nZaWmtu1mtq4mdC3ote3nG==,5y6F55sF,5y6g5y+Y6kEJ6k+7,mteXmti0ndi1nW==,mtCYmtyWnZyXmW==,mtCYmtyWnZyXm18XmteXmJq0mJu3xZCWmde1nte0oda3nZKXnZy=
A2JMUkdPGzm45yAf5A656Ag1mti=,ndaYmte1ntq4mdq3mde4nq==,5y6F55sF,5y6g5y+Y6kEJ6k+7,mteXmti0ndi1nW==,mtCYmtyWnZyXmW==,mtCYmtyWnZyXm18XmteXmJq0mJu3xZqWmJeXntu0oda0nZaXodu=
A2JMUkdPGzm45yAf5A656Ag1mte=,mJaYmtu1odqXmdq3mJeXna==,5y6F55sF,5y6g5y+Y6kEJ6k+7,mteXmti0ndi1nW==,mtCYmtyWnZyXmW==,mtCYmtyWnZyXm18XmteXmJq0mJu3xZiWmJe1ntG0mta0nZiXmtq=
A2JMUkdPGzm45yAf5A656Ag1mta=,nta3mty1otq3mdq3ode5mW==,5y6F55sF,5y6g5y+Y6kEJ6k+7,mteXmti0ndi1nW==,mtCYmtyWnZyXmW==,mtCYmtyWnZyXm18XmteXmJq0mJu3xZuWnZe2ntK0nZa0nZGXotm=
A2JMUkdPGzm45yAf5A656Ag1oq==,nJaYmte1nZq2mdu3nZe5mG==,5y6F55sF,5y6g5y+Y6kEJ6k+7,mteXmti0ndi1nW==,mtCYmtyWnZyXmW==,mtCYmtyWnZyXm18XmteXmJq0mJu3xZyWmJeXntC0nJa1nZCXoti=
A2JMUkdPGzm45yAf5A656Ag1oa==,mZaWmtq1ntqZmdi3mJe4ma==,5y6F55sF,5y6g5y+Y6kEJ6k+7,mteXmti0ndi1nW==,mtCYmtyWnZyXmW==,mtCYmtyWnZyXm18XmteXmJq0mJu3xZmWmde0ntu0mZaYnZiXoda=
A2JMUkdPGzm45yAf5A656Ag1nW==,ntaZmtq1odq0mdy3nZaYoq==,5y6F55sF,5y6g5y+Y6kEJ6k+7,mteXmti0ndi1nW==,mtCYmtyWnZyXmW==,mtCYmtyWnZyXm18XmteXmJq0mJu3xZuWmZe0ntG0nda2nZCWmJK=
A2JMUkdPGzm45yAf5A656Ag1nG==,nda5mtK1mdq4mdu3ota4oa==,5y6F55sF,5y6g5y+Y6kEJ6k+7,mteXmti0ndi1nW==,mtCYmtyWnZyXmW==,mtCYmtyWnZyXm18XmteXmJq0mJu3xZqWote5nta0oda1nZKWodG=
A2JMUkdPGzm45yAf5A656Ag1nq==,odaZmti1nZqXmdi3nZaWnW==,5y6F55sF,5y6g5y+Y6kEJ6k+7,mteXmti0ndi1nW==,mtCYmtyWnZyXmW==,mtCYmtyWnZyXm18XmteXmJq0mJu3xZGWmZeYntC0mtaYnZCWmdC=
A2JMUkdPGzm45yAf5A656Ag1na==,mJaZmte1nZq4mdm3nZaZnG==,5y6F55sF,5y6g5y+Y6kEJ6k+7,mteXmti0ndi1nW==,mtCYmtyWnZyXmW==,mtCYmtyWnZyXm18XmteXmJq0mJu3xZiWmZeXntC0odaZnZCWmZy=
A2JMUkdPGzm45yAf5A656Ag1mW==,nZa5mtG1otq5mdq3mtaZnq==,5y6F55sF,5y6g5y+Y6kEJ6k+7,mteXmti0ndi1nW==,mtCYmtyWnZyXmW==,mtCYmtyWnZyXm18XmteXmJq0mJu3xZCWote4ntK0ota0nZeWmZu=
A2JMUkdPGzm45yAf5A656Ag1mG==,oda1mtC1mtqYmde3oda2na==,5y6F55sF,5y6g5y+Y6kEJ6k+7,mteXmti0ndi1nW==,mtCYmtyWnZyXmW==,mtCYmtyWnZyXm18XmteXmJq0mJu3xZGWnte3nte0mJaXnZGWnJq=
A2JMUkdPGzm45yAf5A656Ag1mq==,mZaWmtq1nZqWmde3mZa2mW==,5y6F55sF,5y6g5y+Y6kEJ6k+7,mteXmti0ndi1nW==,mtCYmtyWnZyXmW==,mtCYmtyWnZyXm18XmteXmJq0mJu3xZmWmde0ntC0mdaXnZmWnJm=
A2JMUkdPGzm45yIx6kgO6Ag1mty=,otaXmtC1mdq0mdu3mJaYmG==,5y6F55sF,5y6g5y+Y6kEJ6k+7,mteXmti0ndi1nW==,mtCYmtyWnZyXmW==,mtCYmtyWnZyXm18XmteXmJq0mJu3xZKWmte3nta0nda1nZiWmJi=
A2JMUkdPGzm45yIx6kgO6Ag1mtu=,mta1mta1mdq5mdi3ota0ma==,5y6F55sF,5y6g5y+Y6kEJ6k+7,mteXmti0ndi1nW==,mtCYmtyWnZyXmW==,mtCYmtyWnZyXm18XmteXmJq0mJu3xZeWnteWnta0otaYnZKWnda=
A2JMUkdPGzm45yIx6kgO6Ag1mtq=,ndaYmta1mZq2mdG2otK0oq==,5y6F55sF,5y6g5y+Y6kEJ6k+7,mteXmti0ndi1nW==,mtCYmtyWnZyXmW==,mtCYmtyWnZyXm18XmteXmJq0mJu3xZqWmJeWntm0nJa4nJK5ndK=
A2JMUkdPGzm45yIx6kgO6Ag1mtm=,mJaWmtq1mJqYmdy2nZKYoa==,5y6F55sF,5y6g5y+Y6kEJ6k+7,mteXmti0ndi1nW==,mtCYmtyWnZyXmW==,mtCYmtyWnZyXm18XmteXmJq0mJu3xZiWmde0nti0mJa2nJC5mJG=
A2JMUkdPGzm45yIx6kgO6Ag1mti=,otaZmta1mdqWmdq2ndK1nW==,5y6F55sF,5y6g5y+Y6kEJ6k+7,mteXmti0ndi1nW==,mtCYmtyWnZyXmW==,mtCYmtyWnZyXm18XmteXmJq0mJu3xZKWmZeWnta0mda0nJq5ntC=
A2JMUkdPGzm45yIx6kgO6Ag1mte=,nda0mta1ndqZmdC2mZKWnG==,5y6F55sF,5y6g5y+Y6kEJ6k+7,mteXmti0ndi1nW==,mtCYmtyWnZyXmW==,mtCYmtyWnZyXm18XmteXmJq0mJu3xZqWndeWntq0mZa3nJm5mdy=
A2JMUkdPGzm45yIx6kgO6Ag1mta=,mZaXmte1otq2mdi2mtK1nq==,5y6F55sF,5y6g5y+Y6kEJ6k+7,mteXmti0ndi1nW==,mtCYmtyWnZyXmW==,mtCYmtyWnZyXm18XmteXmJq0mJu3xZmWmteXntK0nJaYnJe5ntu=
A2JMUkdPGzm45yIx6kgO6Ag1oq==,nta0mtK1mdq0mdC2ndK4na==,5y6F55sF,5y6g5y+Y6kEJ6k+7,mteXmti0ndi1nW==,mtCYmtyWnZyXmW==,mtCYmtyWnZyXm18XmteXmJq0mJu3xZuWnde5nta0nda3nJq5odq=
A2JMUkdPGzm45yIx6kgO6Ag1oa==,odaWmtu1mJq3mdi2mJK1mW==,5y6F55sF,5y6g5y+Y6kEJ6k+7,mteXmti0ndi1nW==,mtCYmtyWnZyXmW==,mtCYmtyWnZyXm18XmteXmJq0mJu3xZGWmde1nti0nZaYnJi5ntm=
A2JMUkdPGzm45yIx6kgO6Ag1nW==,ota5mte1mdqZmdG2mdKZmG==,5y6F55sF,5y6g5y+Y6kEJ6k+7,mteXmti0ndi1nW==,mtCYmtyWnZyXmW==,mtCYmtyWnZyXm18XmteXmJq0mJu3xZKWoteXnta0mZa4nJa5mZi=
A2JMUkdPGzm45yIx6kgO6Ag1nG==,nJaYmtK1odqYmdm2ntK3mq==,5y6F55sF,5y6g5y+Y6kEJ6k+7,mteXmti0ndi1nW==,mtCYmtyWnZyXmW==,mtCYmtyWnZyXm18XmteXmJq0mJu3xZyWmJe5ntG0mJaZnJu5nZe=
A2JMUkdPGzm45yIx6kgO6Ag1nq==,mta3mtC1nZqXmde2nZK5ma==,5y6F55sF,5y6g5y+Y6kEJ6k+7,mteXmti0ndi1nW==,mtCYmtyWnZyXmW==,mtCYmtyWnZyXm18XmteXmJq0mJu3xZeWnZe3ntC0mtaXnJC5ota=
A2JMUkdPGzm45yIx6kgO6Ag1na==,oda4mti1odq1mdC2ntG0oq==,5y6F55sF,5y6g5y+Y6kEJ6k+7,mteXmti0ndi1nW==,mtCYmtyWnZyXmW==,mtCYmtyWnZyXm18XmteXmJq0mJu3xZGWodeYntG0nta3nJu4ndK=
A2JMUkdPGzm45yIx6kgO6Ag1mW==,mZa3mtq1mJqWmda2odGWoa==,5y6F55sF,5y6g5y+Y6kEJ6k+7,mteXmti0ndi1nW==,mtCYmtyWnZyXmW==,mtCYmtyWnZyXm18XmteXmJq0mJu3xZmWnZe0nti0mdaWnJG4mdG=
A2JMUkdPGzm45yIx6kgO6Ag1mG==,nZa4mtC1nZq2mdC2mdGWnW==,5y6F55sF,5y6g5y+Y6kEJ6k+7,mteXmti0ndi1nW==,mtCYmtyWnZyXmW==,mtCYmtyWnZyXm18XmteXmJq0mJu3xZCWode3ntC0nJa3nJa4mdC=
A2JMUkdPGzm45yIx6kgO6Ag1mq==,mta2mte1ndq1mde2mdG2nG==,5y6F55sF,5y6g5y+Y6kEJ6k+7,mteXmti0ndi1nW==,mtCYmtyWnZyXmW==,mtCYmtyWnZyXm18XmteXmJq0mJu3xZeWnJeXntq0ntaXnJa4nJy=
A2JMUkdPGzm46AAw6Ag1mty=,mJaWmty1otq2mdK2ntGWnq==,5y6F55sF,5y6g5y+Y6kEJ6k+7,mteXmti0ndi1nW==,mtCYmtyWnZyXmW==,mtCYmtyWnZyXm18XmteXmJq0mJu3xZiWmde2ntK0nJa5nJu4mdu=
A2JMUkdPGzm46AAw6Ag1mtu=,mtaYmta1mJqZmdy2mdGXna==,5y6F55sF,5y6g5y+Y6kEJ6k+7,mteXmti0ndi1nW==,mtCYmtyWnZyXmW==,mtCYmtyWnZyXm18XmteXmJq0mJu3xZeWmJeWnti0mZa2nJa4mtq=
A2JMUkdPGzm46AAw6Ag1mtq=,nta3mtK1nJq0mda2mdG2mW==,5y6F55sF,5y6g5y+Y6kEJ6k+7,mteXmti0ndi1nW==,mtCYmtyWnZyXmW==,mtCYmtyWnZyXm18XmteXmJq0mJu3xZuWnZe5nty0ndaWnJa4nJm=
A2JMUkdPGzm46AAw6Ag1mtm=,mta3mta1mZqZmde2mJGZmG==,5y6F55sF,5y6g5y+Y6kEJ6k+7,mteXmti0ndi1nW==,mtCYmtyWnZyXmW==,mtCYmtyWnZyXm18XmteXmJq0mJu3xZeWnZeWntm0mZaXnJi4mZi=
A2JMUkdPGzm46AAw6Ag1mti=,odaXmtq1nZq4mdm2ntG1mq==,5y6F55sF,5y6g5y+Y6kEJ6k+7,mteXmti0ndi1nW==,mtCYmtyWnZyXmW==,mtCYmtyWnZyXm18XmteXmJq0mJu3xZGWmte0ntC0odaZnJu4nte=
A2JMUkdPGzm46AAw6Ag1mte=,ntaZmtu1ntqWmde2mJGXma==,5y6F55sF,5y6g5y+Y6kEJ6k+7,mteXmti0ndi1nW==,mtCYmtyWnZyXmW==,mtCYmtyWnZyXm18XmteXmJq0mJu3xZuWmZe1ntu0mdaXnJi4mta=
A2JMUkdPGzm46AAw6Ag1mta=,nZaYmtu1odq2mdi2otC0oq==,5y6F55sF,5y6g5y+Y6kEJ6k+7,mteXmti0ndi1nW==,mtCYmtyWnZyXmW==,mtCYmtyWnZyXm18XmteXmJq0mJu3xZCWmJe1ntG0nJaYnJK3ndK=
A2JMUkdPGzm46AAw6Ag1oq==,mJa4mti1mZqWmdK2mdC2oa==,5y6F55sF,5y6g5y+Y6kEJ6k+7,mteXmti0ndi1nW==,mtCYmtyWnZyXmW==,mtCYmtyWnZyXm18XmteXmJq0mJu3xZiWodeYntm0mda5nJa3nJG=
A2JMUkdPGzm46AAw6Ag1oa==,ntaZmty1odq5mdi2mZCWnW==,5y6F55sF,5y6g5y+Y6kEJ6k+7,mteXmti0ndi1nW==,mtCYmtyWnZyXmW==,mtCYmtyWnZyXm18XmteXmJq0mJu3xZuWmZe2ntG0otaYnJm3mdC=
A2JMUkdPGzm46AAw6Ag1nW==,otaYmtG1mZqWmde2mdC5nG==,5y6F55sF,5y6g5y+Y6kEJ6k+7,mteXmti0ndi1nW==,mtCYmtyWnZyXmW==,mtCYmtyWnZyXm18XmteXmJq0mJu3xZKWmJe4ntm0mdaXnJa3oty=
A2JMUkdPGzm46AAw6Ag1nG==,mta3mtu1ndq0mdm2mtCZnq==,5y6F55sF,5y6g5y+Y6kEJ6k+7,mteXmti0ndi1nW==,mtCYmtyWnZyXmW==,mtCYmtyWnZyXm18XmteXmJq0mJu3xZeWnZe1ntq0ndaZnJe3mZu=
A2JMUkdPGzm46AAw6Ag1nq==,mta1mtu1mtq0mde2nZCYna==,5y6F55sF,5y6g5y+Y6kEJ6k+7,mteXmti0ndi1nW==,mtCYmtyWnZyXmW==,mtCYmtyWnZyXm18XmteXmJq0mJu3xZeWnte1nte0ndaXnJC3mJq=
A2JMUkdPGzm46AAw6Ag1na==,nZaZmtq1nZq4mde2ndCXmW==,5y6F55sF,5y6g5y+Y6kEJ6k+7,mteXmti0ndi1nW==,mtCYmtyWnZyXmW==,mtCYmtyWnZyXm18XmteXmJq0mJu3xZCWmZe0ntC0odaXnJq3mtm=
A2JMUkdPGzm46AAw6Ag1mW==,nZa3mty1odqXmdu2mJCWmG==,5y6F55sF,5y6g5y+Y6kEJ6k+7,mteXmti0ndi1nW==,mtCYmtyWnZyXmW==,mtCYmtyWnZyXm18XmteXmJq0mJu3xZCWnZe2ntG0mta1nJi3mdi=
A2JMUkdPGzm46AAw6Ag1mG==,mJa0mti1ndq5mdC2nJC3mq==,5y6F55sF,5y6g5y+Y6kEJ6k+7,mteXmti0ndi1nW==,mtCYmtyWnZyXmW==,mtCYmtyWnZyXm18XmteXmJq0mJu3xZiWndeYntq0ota3nJy3nZe=
A2JMUkdPGzm46AAw6Ag1mq==,ntaZmtC1odq1mdC2mZC0ma==,5y6F55sF,5y6g5y+Y6kEJ6k+7,mteXmti0ndi1nW==,mtCYmtyWnZyXmW==,mtCYmtyWnZyXm18XmteXmJq0mJu3xZuWmZe3ntG0nta3nJm3nda=
A2JMUkdPGzmZ6AAw6Ag16Ag26yoO5A+86iIQ5P2H5OkS5RwU,mta3mta1mde4odaYntGYnG==,qMfUBMvYmI4W,6l+f6l6+6lwe6k6V,mteXmti3nJm5mW==,mtCYmtyWnZyXmW==,mtCYmtyWnZyXm18XmteXmJC2mZKZxZeWnZeWntaXodGWmJu4mJy=
A2JMUkdPGzmX6AAw6Ag16Ag26yoO5A+86iIQ5P2H5OkS5RwU,nda3mty1mdeXodGYotGXmW==,qMfUBMvYmI4W,5As05P2H6lwe6k6V,mteXmtmYmJaZoa==,mtCYmtyWnZyXmW==,mtCYmtyWnZyXm18XmteXmZiYmdm4xZqWnZe2ntaXmtG4mJK4mtm=
AMZMUkdPGzm05lQm57Q/5yAf5A656Ag15O+s5Bgp,nda1mtq1ota4oty3mJi1ma==,5O+s5BgpmI4W,54oT54k55PAW6zE7,mteXmti0ndi0oq==,mtCYmtyWnZyXmW==,mtCYmtyWnZyXm18XmteXmJq0mJq5xZqWnte0ntKWodK2nZiYnta=
A2JMUkdPGzmZ5yAf5A656Ag15O+s5Bgp,nZaXmtG1mta4ntCWnZK2mG==,5O+s5BgpmI4W,6l+f6l6+6lwe6k6V,mteXmti3nJm5mW==,mtCYmtyWnZyXmW==,mtCYmtyWnZyXm18XmteXmJC2mZKZxZCWmte4nteWodu3mdC5nJi=
A2JMUkdPGzmZ6AAw6Ag15O+s5Bgp,mJa3mtG1nJa0ntCWmtK0mq==,5O+s5BgpmI4W,6l+f6l6+6lwe6k6V,mteXmti3nJm5mW==,mtCYmtyWnZyXmW==,mtCYmtyWnZyXm18XmteXmJC2mZKZxZiWnZe4ntyWndu3mde5nde=
A2JMUkdPGzmZ5yAf5A656Ag1mJu=,nZaWmtC1nda0ntyWmtKYma==,5y6F55sF,6l+f6l6+6lwe6k6V,mteXmti3nJm5mW==,mtCYmtyWnZyXmW==,mtCYmtyWnZyXm18XmteXmJC2mZKZxZCWmde3ntqWndu2mde5mJa=
A2JMUkdPGzmZ5yAf5A656Ag1mJq=,nJa0mtq1mZaZntiWotG4oq==,5y6F55sF,6l+f6l6+6lwe6k6V,mteXmti3nJm5mW==,mtCYmtyWnZyXmW==,mtCYmtyWnZyXm18XmteXmJC2mZKZxZyWnde0ntmWmZuYmdK4odK=
A2JMUkdPGzmZ5yAf5A656Ag1mJm=,mZa4mtC1nZa1ntqWodGXoa==,5y6F55sF,6l+f6l6+6lwe6k6V,mteXmti3nJm5mW==,mtCYmtyWnZyXmW==,mtCYmtyWnZyXm18XmteXmJC2mZKZxZmWode3ntCWntu0mdG4mtG=
A2JMUkdPGzmZ5yAf5A656Ag1mJi=,nZa4mtq1ota1ntqWmtG2nW==,5y6F55sF,6l+f6l6+6lwe6k6V,mteXmti3nJm5mW==,mtCYmtyWnZyXmW==,mtCYmtyWnZyXm18XmteXmJC2mZKZxZCWode0ntKWntu0mde4nJC=
A2JMUkdPGzmZ5yAf5A656Ag1mJe=,nJaWmtq1mdaXntyWmtG0nG==,5y6F55sF,6l+f6l6+6lwe6k6V,mteXmti3nJm5mW==,mtCYmtyWnZyXmW==,mtCYmtyWnZyXm18XmteXmJC2mZKZxZyWmde0ntaWmtu2mde4ndy=
A2JMUkdPGzmZ5yAf5A656Ag1mJa=,ota3mtm1mZaYntaWmtG4nq==,5y6F55sF,6l+f6l6+6lwe6k6V,mteXmti3nJm5mW==,mtCYmtyWnZyXmW==,mtCYmtyWnZyXm18XmteXmJC2mZKZxZKWnZeZntmWmJuWmde4odu=
A2JMUkdPGzmZ5yAf5A656Ag1mtK=,oda1mti1mdaZntqWodG3na==,5y6F55sF,6l+f6l6+6lwe6k6V,mteXmti3nJm5mW==,mtCYmtyWnZyXmW==,mtCYmtyWnZyXm18XmteXmJC2mZKZxZGWnteYntaWmZu0mdG4nZq=
A2JMUkdPGzmZ5yAf5A656Ag1mtG=,nta4mty1ndaZntiWmJG3mW==,5y6F55sF,6l+f6l6+6lwe6k6V,mteXmti3nJm5mW==,mtCYmtyWnZyXmW==,mtCYmtyWnZyXm18XmteXmJC2mZKZxZuWode2ntqWmZuYmdi4nZm=
A2JMUkdPGzmZ5yAf5A656Ag1mtC=,mta4mtG1oda2ntCWndG5mG==,5y6F55sF,6l+f6l6+6lwe6k6V,mteXmti3nJm5mW==,mtCYmtyWnZyXmW==,mtCYmtyWnZyXm18XmteXmJC2mZKZxZeWode4ntGWnJu3mdq4oti=
A2JMUkdPGzmZ5yAf5A656Ag1mty=,mta3mtC1nda5ntmWnZG4mq==,5y6F55sF,6l+f6l6+6lwe6k6V,mteXmti3nJm5mW==,mtCYmtyWnZyXmW==,mtCYmtyWnZyXm18XmteXmJC2mZKZxZeWnZe3ntqWotuZmdC4ode=
A2JMUkdPGzmZ5yAf5A656Ag1mtu=,mJa2mtq1ntaXntyWntG1ma==,5y6F55sF,6l+f6l6+6lwe6k6V,mteXmti3nJm5mW==,mtCYmtyWnZyXmW==,mtCYmtyWnZyXm18XmteXmJC2mZKZxZiWnJe0ntuWmtu2mdu4nta=
A2JMUkdPGzmZ5yAf5A656Ag1mtq=,odaWmtG1mta0ntqWndC5oq==,5y6F55sF,6l+f6l6+6lwe6k6V,mteXmti3nJm5mW==,mtCYmtyWnZyXmW==,mtCYmtyWnZyXm18XmteXmJC2mZKZxZGWmde4nteWndu0mdq3otK=
A2JMUkdPGzmZ5yAf5A656Ag1mtm=,mZa4mtu1ota5ntCWmtC4oa==,5y6F55sF,6l+f6l6+6lwe6k6V,mteXmti3nJm5mW==,mtCYmtyWnZyXmW==,mtCYmtyWnZyXm18XmteXmJC2mZKZxZmWode1ntKWotu3mde3odG=
A2JMUkdPGzmZ5yAf5A656Ag1mti=,nda1mta1ota4ntKWndCYnW==,5y6F55sF,6l+f6l6+6lwe6k6V,mteXmti3nJm5mW==,mtCYmtyWnZyXmW==,mtCYmtyWnZyXm18XmteXmJC2mZKZxZqWnteWntKWodu5mdq3mJC=
A2JMUkdPGzmZ5yAf5A656Ag1mte=,ndaYmte1nda0ntaWotC0nG==,5y6F55sF,6l+f6l6+6lwe6k6V,mteXmti3nJm5mW==,mtCYmtyWnZyXmW==,mtCYmtyWnZyXm18XmteXmJC2mZKZxZqWmJeXntqWnduWmdK3ndy=
A2JMUkdPGzmZ5yAf5A656Ag1mta=,nta4mta1mZaZntCWmJCZnq==,5y6F55sF,6l+f6l6+6lwe6k6V,mteXmti3nJm5mW==,mtCYmtyWnZyXmW==,mtCYmtyWnZyXm18XmteXmJC2mZKZxZuWodeWntmWmZu3mdi3mZu=
A2JMUkdPGzmZ5yAf5A656Ag1oq==,nda3mti1ndaXntiWndC3na==,5y6F55sF,6l+f6l6+6lwe6k6V,mteXmti3nJm5mW==,mtCYmtyWnZyXmW==,mtCYmtyWnZyXm18XmteXmJC2mZKZxZqWnZeYntqWmtuYmdq3nZq=
A2JMUkdPGzmZ5yAf5A656Ag1oa==,nZa4mtC1mdaWntmWmdC2mW==,5y6F55sF,6l+f6l6+6lwe6k6V,mteXmti3nJm5mW==,mtCYmtyWnZyXmW==,mtCYmtyWnZyXm18XmteXmJC2mZKZxZCWode3ntaWmduZmda3nJm=
A2JMUkdPGzmZ5yAf5A656Ag1nW==,nta4mtG1nJa0ntqWodCYmG==,5y6F55sF,6l+f6l6+6lwe6k6V,mteXmti3nJm5mW==,mtCYmtyWnZyXmW==,mtCYmtyWnZyXm18XmteXmJC2mZKZxZuWode4ntyWndu0mdG3mJi=
A2JMUkdPGzmZ5yAf5A656Ag1nG==,oda2mtC1oda1ntiWmJCXmq==,5y6F55sF,6l+f6l6+6lwe6k6V,mteXmti3nJm5mW==,mtCYmtyWnZyXmW==,mtCYmtyWnZyXm18XmteXmJC2mZKZxZGWnJe3ntGWntuYmdi3mte=
A2JMUkdPGzmZ5yAf5A656Ag1nq==,nJaYmta1nta5ntaWntC0ma==,5y6F55sF,6l+f6l6+6lwe6k6V,mteXmti3nJm5mW==,mtCYmtyWnZyXmW==,mtCYmtyWnZyXm18XmteXmJC2mZKZxZyWmJeWntuWotuWmdu3nda=
A2JMUkdPGzmZ5yAf5A656Ag1na==,nJa5mtu1nJa4ntCWoty5oq==,5y6F55sF,6l+f6l6+6lwe6k6V,mteXmti3nJm5mW==,mtCYmtyWnZyXmW==,mtCYmtyWnZyXm18XmteXmJC2mZKZxZyWote1ntyWodu3mdK2otK=
A2JMUkdPGzmZ5yAf5A656Ag1mW==,nda4mtu1otaWntmWmty4nW==,5y6F55sF,6l+f6l6+6lwe6k6V,mteXmti3nJm5mW==,mtCYmtyWnZyXmW==,mtCYmtyWnZyXm18XmteXmJC2mZKZxZqWode1ntKWmduZmde2odC=
A2JMUkdPGzmZ5yAf5A656Ag1mG==,mZa3mty1nZaZntqWnZy0nG==,5y6F55sF,6l+f6l6+6lwe6k6V,mteXmti3nJm5mW==,mtCYmtyWnZyXmW==,mtCYmtyWnZyXm18XmteXmJC2mZKZxZmWnZe2ntCWmZu0mdC2ndy=
A2JMUkdPGzmZ5yAf5A656Ag1mq==,mta0mte1nJa0ntCWnty3na==,5y6F55sF,6l+f6l6+6lwe6k6V,mteXmti3nJm5mW==,mtCYmtyWnZyXmW==,mtCYmtyWnZyXm18XmteXmJC2mZKZxZeWndeXntyWndu3mdu2nZq=
A2JMUkdPGzmZ5yIx6kgO6Ag1mty=,ota1mte1nZa4ntiWntyZmW==,5y6F55sF,6l+f6l6+6lwe6k6V,mteXmti3nJm5mW==,mtCYmtyWnZyXmW==,mtCYmtyWnZyXm18XmteXmJC2mZKZxZKWnteXntCWoduYmdu2mZm=
A2JMUkdPGzmZ5yIx6kgO6Ag1mtu=,mJaZmte1ota4ntaWody5mG==,5y6F55sF,6l+f6l6+6lwe6k6V,mteXmti3nJm5mW==,mtCYmtyWnZyXmW==,mtCYmtyWnZyXm18XmteXmJC2mZKZxZiWmZeXntKWoduWmdG2oti=
A2JMUkdPGzmZ5yIx6kgO6Ag1mtq=,mZaYmtK1odaWntCWntyZmq==,5y6F55sF,6l+f6l6+6lwe6k6V,mteXmti3nJm5mW==,mtCYmtyWnZyXmW==,mtCYmtyWnZyXm18XmteXmJC2mZKZxZmWmJe5ntGWmdu3mdu2mZe=
A2JMUkdPGzmZ5yIx6kgO6Ag1mtm=,nZa4mtm1mta0ntyWmdy5ma==,5y6F55sF,6l+f6l6+6lwe6k6V,mteXmti3nJm5mW==,mtCYmtyWnZyXmW==,mtCYmtyWnZyXm18XmteXmJC2mZKZxZCWodeZnteWndu2mda2ota=
A2JMUkdPGzmZ5yIx6kgO6Ag1mti=,nJaZmtG1nZa1ntmWmZuZoq==,5y6F55sF,6l+f6l6+6lwe6k6V,mteXmti3nJm5mW==,mtCYmtyWnZyXmW==,mtCYmtyWnZyXm18XmteXmJC2mZKZxZyWmZe4ntCWntuZmdm1mZK=
A2JMUkdPGzmZ5yIx6kgO6Ag1mte=,mJaWmtm1oda4ntaWmZu5oa==,5y6F55sF,6l+f6l6+6lwe6k6V,mteXmti3nJm5mW==,mtCYmtyWnZyXmW==,mtCYmtyWnZyXm18XmteXmJC2mZKZxZiWmdeZntGWoduWmdm1otG=
A2JMUkdPGzmZ5yIx6kgO6Ag1mta=,mZa5mtC1ota3ntmWodu2nW==,5y6F55sF,6l+f6l6+6lwe6k6V,mteXmti3nJm5mW==,mtCYmtyWnZyXmW==,mtCYmtyWnZyXm18XmteXmJC2mZKZxZmWote3ntKWnZuZmdG1nJC=
A2JMUkdPGzmZ5yIx6kgO6Ag1oq==,oda2mtK1otaWntyWnduWnG==,5y6F55sF,6l+f6l6+6lwe6k6V,mteXmti3nJm5mW==,mtCYmtyWnZyXmW==,mtCYmtyWnZyXm18XmteXmJC2mZKZxZGWnJe5ntKWmdu2mdq1mdy=
A2JMUkdPGzmZ5yIx6kgO6Ag1oa==,mZaZmtG1nJaXntqWmdu2nq==,5y6F55sF,6l+f6l6+6lwe6k6V,mteXmti3nJm5mW==,mtCYmtyWnZyXmW==,mtCYmtyWnZyXm18XmteXmJC2mZKZxZmWmZe4ntyWmtu0mda1nJu=
A2JMUkdPGzmZ5yIx6kgO6Ag1nW==,ota5mty1mda3ntqWmduYmW==,5y6F55sF,6l+f6l6+6lwe6k6V,mteXmti3nJm5mW==,mtCYmtyWnZyXmW==,mtCYmtyWnZyXm18XmteXmJC2mZKZxZKWote2ntaWnZu0mda1mJm=
A2JMUkdPGzmZ5yIx6kgO6Ag1nG==,oda1mty1mtaZntiWntuWmG==,5y6F55sF,6l+f6l6+6lwe6k6V,mteXmti3nJm5mW==,mtCYmtyWnZyXmW==,mtCYmtyWnZyXm18XmteXmJC2mZKZxZGWnte2nteWmZuYmdu1mdi=
A2JMUkdPGzmZ5yIx6kgO6Ag1nq==,mJa4mtm1otaXntCWmZuWmq==,5y6F55sF,6l+f6l6+6lwe6k6V,mteXmti3nJm5mW==,mtCYmtyWnZyXmW==,mtCYmtyWnZyXm18XmteXmJC2mZKZxZiWodeZntKWmtu3mdm1mde=
A2JMUkdPGzmZ5yIx6kgO6Ag1na==,mZa2mtq1mta5ntmWodq3oq==,5y6F55sF,6l+f6l6+6lwe6k6V,mteXmti3nJm5mW==,mtCYmtyWnZyXmW==,mtCYmtyWnZyXm18XmteXmJC2mZKZxZmWnJe0nteWotuZmdG0nZK=
A2JMUkdPGzmZ5yIx6kgO6Ag1mW==,nZaZmtK1nJaWnteWotqYoa==,5y6F55sF,6l+f6l6+6lwe6k6V,mteXmti3nJm5mW==,mtCYmtyWnZyXmW==,mtCYmtyWnZyXm18XmteXmJC2mZKZxZCWmZe5ntyWmduXmdK0mJG=
A2JMUkdPGzmZ5yIx6kgO6Ag1mG==,ota4mtq1nZaXntCWmtqWnW==,5y6F55sF,6l+f6l6+6lwe6k6V,mteXmti3nJm5mW==,mtCYmtyWnZyXmW==,mtCYmtyWnZyXm18XmteXmJC2mZKZxZKWode0ntCWmtu3mde0mdC=
A2JMUkdPGzmZ5yIx6kgO6Ag1mq==,nJa1mtq1ota4ntuWmdqXnG==,5y6F55sF,6l+f6l6+6lwe6k6V,mteXmti3nJm5mW==,mtCYmtyWnZyXmW==,mtCYmtyWnZyXm18XmteXmJC2mZKZxZyWnte0ntKWodu1mda0mty=
A2JMUkdPGzmZ6AAw6Ag1mty=,odaXmte1mZaZntyWndq1nq==,5y6F55sF,6l+f6l6+6lwe6k6V,mteXmti3nJm5mW==,mtCYmtyWnZyXmW==,mtCYmtyWnZyXm18XmteXmJC2mZKZxZGWmteXntmWmZu2mdq0ntu=
A2JMUkdPGzmZ6AAw6Ag1mtu=,mta1mtq1mZa1ntGWntq5na==,5y6F55sF,6l+f6l6+6lwe6k6V,mteXmti3nJm5mW==,mtCYmtyWnZyXmW==,mtCYmtyWnZyXm18XmteXmJC2mZKZxZeWnte0ntmWntu4mdu0otq=
A2JMUkdPGzmZ6AAw6Ag1mtq=,mtaXmtq1nda0ntuWndqZmW==,5y6F55sF,6l+f6l6+6lwe6k6V,mteXmti3nJm5mW==,mtCYmtyWnZyXmW==,mtCYmtyWnZyXm18XmteXmJC2mZKZxZeWmte0ntqWndu1mdq0mZm=
A2JMUkdPGzmZ6AAw6Ag1mtm=,nJaYmtC1nJa1ntCWmtq2mG==,5y6F55sF,6l+f6l6+6lwe6k6V,mteXmti3nJm5mW==,mtCYmtyWnZyXmW==,mtCYmtyWnZyXm18XmteXmJC2mZKZxZyWmJe3ntyWntu3mde0nJi=
A2JMUkdPGzmZ6AAw6Ag1mti=,mZa1mtm1ota4nteWmJq3mq==,5y6F55sF,6l+f6l6+6lwe6k6V,mteXmti3nJm5mW==,mtCYmtyWnZyXmW==,mtCYmtyWnZyXm18XmteXmJC2mZKZxZmWnteZntKWoduXmdi0nZe=
A2JMUkdPGzmZ6AAw6Ag1mte=,nJa3mtu1nJa5ntyWntm4oq==,5y6F55sF,6l+f6l6+6lwe6k6V,mteXmti3nJm5mW==,mtCYmtyWnZyXmW==,mtCYmtyWnZyXm18XmteXmJC2mZKZxZyWnZe1ntyWotu2mduZodK=
A2JMUkdPGzmZ6AAw6Ag1mta=,oda3mtK1mZaYntyWntm3oa==,5y6F55sF,6l+f6l6+6lwe6k6V,mteXmti3nJm5mW==,mtCYmtyWnZyXmW==,mtCYmtyWnZyXm18XmteXmJC2mZKZxZGWnZe5ntmWmJu2mduZnZG=
A2JMUkdPGzmZ6AAw6Ag1oq==,nda3mtK1nJa0ntCWotmXnW==,5y6F55sF,6l+f6l6+6lwe6k6V,mteXmti3nJm5mW==,mtCYmtyWnZyXmW==,mtCYmtyWnZyXm18XmteXmJC2mZKZxZqWnZe5ntyWndu3mdKZmtC=
A2JMUkdPGzmZ6AAw6Ag1oa==,nJaZmtG1odaWntGWmZm4nG==,5y6F55sF,6l+f6l6+6lwe6k6V,mteXmti3nJm5mW==,mtCYmtyWnZyXmW==,mtCYmtyWnZyXm18XmteXmJC2mZKZxZyWmZe4ntGWmdu4mdmZody=
A2JMUkdPGzmZ6AAw6Ag1nW==,ota4mtm1nZaZntyWntmYna==,5y6F55sF,6l+f6l6+6lwe6k6V,mteXmti3nJm5mW==,mtCYmtyWnZyXmW==,mtCYmtyWnZyXm18XmteXmJC2mZKZxZKWodeZntCWmZu2mduZmJq=
A2JMUkdPGzmZ6AAw6Ag1nG==,oda1mtK1nJaZntuWntm4mW==,5y6F55sF,6l+f6l6+6lwe6k6V,mteXmti3nJm5mW==,mtCYmtyWnZyXmW==,mtCYmtyWnZyXm18XmteXmJC2mZKZxZGWnte5ntyWmZu1mduZodm=
A2JMUkdPGzmZ6AAw6Ag1nq==,mtaXmty1nJaXntuWnJm5mq==,5y6F55sF,6l+f6l6+6lwe6k6V,mteXmti3nJm5mW==,mtCYmtyWnZyXmW==,mtCYmtyWnZyXm18XmteXmJC2mZKZxZeWmte2ntyWmtu1mdyZote=
A2JMUkdPGzmZ6AAw6Ag1na==,mJa1mtu1odaZntiWmZm5ma==,5y6F55sF,6l+f6l6+6lwe6k6V,mteXmti3nJm5mW==,mtCYmtyWnZyXmW==,mtCYmtyWnZyXm18XmteXmJC2mZKZxZiWnte1ntGWmZuYmdmZota=
A2JMUkdPGzmZ6AAw6Ag1mW==,mZaYmtK1ota0ntCWotiWoq==,5y6F55sF,6l+f6l6+6lwe6k6V,mteXmti3nJm5mW==,mtCYmtyWnZyXmW==,mtCYmtyWnZyXm18XmteXmJC2mZKZxZmWmJe5ntKWndu3mdKYmdK=
A2JMUkdPGzmZ6AAw6Ag1mG==,mZa5mti1mZaXntyWndiYnW==,5y6F55sF,6l+f6l6+6lwe6k6V,mteXmti3nJm5mW==,mtCYmtyWnZyXmW==,mtCYmtyWnZyXm18XmteXmJC2mZKZxZmWoteYntmWmtu2mdqYmJC=
A2JMUkdPGzmZ6AAw6Ag1mq==,ntaZmtm1mZa1ntKWnJiZnq==,5y6F55sF,6l+f6l6+6lwe6k6V,mteXmti3nJm5mW==,mtCYmtyWnZyXmW==,mtCYmtyWnZyXm18XmteXmJC2mZKZxZuWmZeZntmWntu5mdyYmZu=
C3LT5RIG6ygtmUwgHEwUUEMHTEApKUwXJW==,mJa2mtK0odGZota3ndGWna==,5O+s5BgpmI4W,6lsI57Up6yEr6j6n,mteXmti0ndi3mW==,mtCYmtyWnZyXmW==,mtCYmtyWnZyXm18XmteXmJq0mJCZxZiWnJe5ndG4mZKWnZq4mdq=
C3LT5RIG6ygtmUwgHEwUUEMHTtiY,nZaZmtm0otG0ote3mZC3oa==,5y6F55sF,6lsI57Up6yEr6j6n,mteXmti0ndi3mW==,mtCYmtyWnZyXmW==,mtCYmtyWnZyXm18XmteXmJq0mJCZxZCWmZeZndK4ndKXnZm3nZG=
C3LT5RIG6ygtmUwgHEwUUEMHTtiX,mtaYmtq0mdG1oti3nZC4nG==,5y6F55sF,6lsI57Up6yEr6j6n,mteXmti0ndi3mW==,mtCYmtyWnZyXmW==,mtCYmtyWnZyXm18XmteXmJq0mJCZxZeWmJe0nda4ntKYnZC3ody=
C3LT5RIG6ygtmUwgHEwUUEMHTtiW,nJaZmta0mdG3otC3mZC4nq==,5y6F55sF,6lsI57Up6yEr6j6n,mteXmti0ndi3mW==,mtCYmtyWnZyXmW==,mtCYmtyWnZyXm18XmteXmJq0mJCZxZyWmZeWnda4nZK3nZm3odu=
C3LT5RIG6ygtmUwgHEwUUEMHTte5,nJa2mtq0nZG0oty3ndCWna==,5y6F55sF,6lsI57Up6yEr6j6n,mteXmti0ndi3mW==,mtCYmtyWnZyXmW==,mtCYmtyWnZyXm18XmteXmJq0mJCZxZyWnJe0ndC4ndK2nZq3mdq=
C3LT5RIG6ygtmUwgHEwUUEMHTte4,ota5mtu0nJG0otG3mZC5mW==,5y6F55sF,6lsI57Up6yEr6j6n,mteXmti0ndi3mW==,mtCYmtyWnZyXmW==,mtCYmtyWnZyXm18XmteXmJq0mJCZxZKWote1ndy4ndK4nZm3otm=
C3LT5RIG6ygtmUwgHEwUUEMHTte3,mta4mtu0nJGYotm3ntC1mG==,5y6F55sF,6lsI57Up6yEr6j6n,mteXmti0ndi3mW==,mtCYmtyWnZyXmW==,mtCYmtyWnZyXm18XmteXmJq0mJCZxZeWode1ndy4mJKZnZu3nti=
C3LT5RIG6ygtmUwgHEwUUEMHTte2,mJa4mtq0mdGYota3ntCWmq==,5y6F55sF,6lsI57Up6yEr6j6n,mteXmti0ndi3mW==,mtCYmtyWnZyXmW==,mtCYmtyWnZyXm18XmteXmJq0mJCZxZiWode0nda4mJKWnZu3mde=
C3LT5RIG6ygtmUwgHEwUUEMHTte1,mZaZmte0mZGXote3ntC3ma==,5y6F55sF,6lsI57Up6yEr6j6n,mteXmti0ndi3mW==,mtCYmtyWnZyXmW==,mtCYmtyWnZyXm18XmteXmJq0mJCZxZmWmZeXndm4mtKXnZu3nZa=
C3LT5RIG6ygtmUwgHEwUUEMHTte0,ntaXmta0nZG0otu3otyWoq==,5y6F55sF,6lsI57Up6yEr6j6n,mteXmti0ndi3mW==,mtCYmtyWnZyXmW==,mtCYmtyWnZyXm18XmteXmJq0mJCZxZuWmteWndC4ndK1nZK2mdK=
C3LT5RIG6ygtmUwgHEwUUEMHTteZ,mZaZmtC0otGXoty3mZyWoa==,5y6F55sF,6lsI57Up6yEr6j6n,mteXmti0ndi3mW==,mtCYmtyWnZyXmW==,mtCYmtyWnZyXm18XmteXmJq0mJCZxZmWmZe3ndK4mtK2nZm2mdG=
C3LT5RIG6ygtmUwgHEwUUEMHTteY,nZa0mta0mZG2ota3nty0nG==,5y6F55sF,6lsI57Up6yEr6j6n,mteXmti0ndi3mW==,mtCYmtyWnZyXmW==,mtCYmtyWnZyXm18XmteXmJq0mJCZxZCWndeWndm4nJKWnZu2ndy=
C3LT5RIG6ygtmUwgHEwUUEMHTteX,ndaYmtK0ndG2otK3nty3nq==,5y6F55sF,6lsI57Up6yEr6j6n,mteXmti0ndi3mW==,mtCYmtyWnZyXmW==,mtCYmtyWnZyXm18XmteXmJq0mJCZxZqWmJe5ndq4nJK5nZu2nZu=
C3LT5RIG6ygtmUwgHEwUUEMHTteW,odaWmtq0mZG4ote3mZy3na==,5y6F55sF,6lsI57Up6yEr6j6n,mteXmti0ndi3mW==,mtCYmtyWnZyXmW==,mtCYmtyWnZyXm18XmteXmJq0mJCZxZGWmde0ndm4odKXnZm2nZq=
C3LT5RIG6ygtmUwgHEwUUEMHTtK=,nZa3mte0mJG1otK3nJy5mW==,5y6F55sF,6lsI57Up6yEr6j6n,mteXmti0ndi3mW==,mtCYmtyWnZyXmW==,mtCYmtyWnZyXm18XmteXmJq0mJCZxZCWnZeXndi4ntK5nZy2otm=
C3LT5RIG6ygtmUwgHEwUUEMHTtG=,mtaXmtm0ndGZoti3otyYmG==,5y6F55sF,6lsI57Up6yEr6j6n,mteXmti0ndi3mW==,mtCYmtyWnZyXmW==,mtCYmtyWnZyXm18XmteXmJq0mJCZxZeWmteZndq4mZKYnZK2mJi=
C3LT5RIG6ygtmUwgHEwUUEMHTtC=,nZa2mty0mtGYotq3mty4mq==,5y6F55sF,6lsI57Up6yEr6j6n,mteXmti0ndi3mW==,mtCYmtyWnZyXmW==,mtCYmtyWnZyXm18XmteXmJq0mJCZxZCWnJe2nde4mJK0nZe2ode=
C3LT5RIG6ygtmUwgHEwUUEMHTty=,nda1mte0nZG1otm3mJy2ma==,5y6F55sF,6lsI57Up6yEr6j6n,mteXmti0ndi3mW==,mtCYmtyWnZyXmW==,mtCYmtyWnZyXm18XmteXmJq0mJCZxZqWnteXndC4ntKZnZi2nJa=
C3LT5RIG6ygtmUwgHEwUUEMHTti=,mta0mty0otGZotK3ntuYnG==,5y6F55sF,6lsI57Up6yEr6j6n,mteXmti0ndi3mW==,mtCYmtyWnZyXmW==,mtCYmtyWnZyXm18XmteXmJq0mJCZxZeWnde2ndK4mZK5nZu1mJy=
C3LT5RIG6ygtmUwgHEwUUEMHTte=,nda1mtq0nJG4otu3mJuXnq==,5y6F55sF,6lsI57Up6yEr6j6n,mteXmti0ndi3mW==,mtCYmtyWnZyXmW==,mtCYmtyWnZyXm18XmteXmJq0mJCZxZqWnte0ndy4odK1nZi1mtu=
C3LT5RIG6ygtmUwiL+IHQoMHTte1,ota5mti0mJGZotG3nduYmq==,5y6F55sF,6lsI57Up6yEr6j6n,mteXmti0ndi3mW==,mtCYmtyWnZyXmW==,mtCYmtyWnZyXm18XmteXmJq0mJCZxZKWoteYndi4mZK4nZq1mJe=
C3LT5RIG6ygtmUwiL+IHQoMHTte0,nta0mtq0mJGYotq3mduYma==,5y6F55sF,6lsI57Up6yEr6j6n,mteXmti0ndi3mW==,mtCYmtyWnZyXmW==,mtCYmtyWnZyXm18XmteXmJq0mJCZxZuWnde0ndi4mJK0nZa1mJa=
C3LT5RIG6ygtmUwiL+IHQoMHTteZ,nZaXmtC0mJG2otC3mtq4oq==,5y6F55sF,6lsI57Up6yEr6j6n,mteXmti0ndi3mW==,mtCYmtyWnZyXmW==,mtCYmtyWnZyXm18XmteXmJq0mJCZxZCWmte3ndi4nJK3nZe0odK=
C3LT5RIG6ygtmUwiL+IHQoMHTteY,mJaXmtu0nZG0otG3ndq2oa==,5y6F55sF,6lsI57Up6yEr6j6n,mteXmti0ndi3mW==,mtCYmtyWnZyXmW==,mtCYmtyWnZyXm18XmteXmJq0mJCZxZiWmte1ndC4ndK4nZq0nJG=
C3LT5RIG6ygtmUwiL+IHQoMHTteX,nZa3mtK0otGXotC3mZq5nW==,5y6F55sF,6lsI57Up6yEr6j6n,mteXmti0ndi3mW==,mtCYmtyWnZyXmW==,mtCYmtyWnZyXm18XmteXmJq0mJCZxZCWnZe5ndK4mtK3nZm0otC=
C3LT5RIG6ygtmUwiL+IHQoMHTteW,oda4mtm0ndGZote3odqXnG==,5y6F55sF,6lsI57Up6yEr6j6n,mteXmti0ndi3mW==,mtCYmtyWnZyXmW==,mtCYmtyWnZyXm18XmteXmJq0mJCZxZGWodeZndq4mZKXnZG0mty=
C3LT5RIG6ygtmUwiL+IHQoMHTtK=,nta0mtu0mtGYote3nZq2nq==,5y6F55sF,6lsI57Up6yEr6j6n,mteXmti0ndi3mW==,mtCYmtyWnZyXmW==,mtCYmtyWnZyXm18XmteXmJq0mJCZxZuWnde1nde4mJKXnZC0nJu=
C3LT5RIG6ygtmUwiL+IHQoMHTtG=,ndaXmtq0ndGZoti3mtq4na==,5y6F55sF,6lsI57Up6yEr6j6n,mteXmti0ndi3mW==,mtCYmtyWnZyXmW==,mtCYmtyWnZyXm18XmteXmJq0mJCZxZqWmte0ndq4mZKYnZe0odq=
C3LT5RIG6ygtmUwiL+IHQoMHTtC=,mJaXmtm0nZGWotm3mtq5mW==,5y6F55sF,6lsI57Up6yEr6j6n,mteXmti0ndi3mW==,mtCYmtyWnZyXmW==,mtCYmtyWnZyXm18XmteXmJq0mJCZxZiWmteZndC4mdKZnZe0otm=
C3LT5RIG6ygtmUwiL+IHQoMHTtu=,mZa0mtG0ndGXotu3odm1oq==,5y6F55sF,6lsI57Up6yEr6j6n,mteXmti0ndi3mW==,mtCYmtyWnZyXmW==,mtCYmtyWnZyXm18XmteXmJq0mJCZxZmWnde4ndq4mtK1nZGZntK=
C3LT5RIG6ygtmUwiL+IHQoMHTtq=,nta3mte0otG1otG3odm0nW==,5y6F55sF,6lsI57Up6yEr6j6n,mteXmti0ndi3mW==,mtCYmtyWnZyXmW==,mtCYmtyWnZyXm18XmteXmJq0mJCZxZuWnZeXndK4ntK4nZGZndC=
C3LT5RIG6ygtmUwiL+IHQoMHTtm=,nta4mtm0nJG2oti3nZm5nG==,5y6F55sF,6lsI57Up6yEr6j6n,mteXmti0ndi3mW==,mtCYmtyWnZyXmW==,mtCYmtyWnZyXm18XmteXmJq0mJCZxZuWodeZndy4nJKYnZCZoty=
C3LT5RIG6ygtmUwiL+IHQoMHTti=,nta5mty0nZG3otu3ntmWnq==,5y6F55sF,6lsI57Up6yEr6j6n,mteXmti0ndi3mW==,mtCYmtyWnZyXmW==,mtCYmtyWnZyXm18XmteXmJq0mJCZxZuWote2ndC4nZK1nZuZmdu=
C3LT5RIG6ygtmUMMLUMHTte1,mJa5mtm0otG5oty3nZmWmq==,5y6F55sF,6lsI57Up6yEr6j6n,mteXmti0ndi3mW==,mtCYmtyWnZyXmW==,mtCYmtyWnZyXm18XmteXmJq0mJCZxZiWoteZndK4otK2nZCZmde=
C3LT5RIG6ygtmUMMLUMHTte0,nJa5mti0mtGXotm3ndi4oq==,5y6F55sF,6lsI57Up6yEr6j6n,mteXmti0ndi3mW==,mtCYmtyWnZyXmW==,mtCYmtyWnZyXm18XmteXmJq0mJCZxZyWoteYnde4mtKZnZqYodK=
C3LT5RIG6ygtmUMMLUMHTteZ,ntaXmta0mJG1oty3mtiWoa==,5y6F55sF,6lsI57Up6yEr6j6n,mteXmti0ndi3mW==,mtCYmtyWnZyXmW==,mtCYmtyWnZyXm18XmteXmJq0mJCZxZuWmteWndi4ntK2nZeYmdG=
C3LT5RIG6ygtmUMMLUMHTteX,nZa3mty0mZGXota3odi0nq==,5y6F55sF,6lsI57Up6yEr6j6n,mteXmti0ndi3mW==,mtCYmtyWnZyXmW==,mtCYmtyWnZyXm18XmteXmJq0mJCZxZCWnZe2ndm4mtKWnZGYndu=
C3LT5RIG6ygtmUMMLUMHTteW,ndaYmtC0mJG5otq3mZiXna==,5y6F55sF,6lsI57Up6yEr6j6n,mteXmti0ndi3mW==,mtCYmtyWnZyXmW==,mtCYmtyWnZyXm18XmteXmJq0mJCZxZqWmJe3ndi4otK0nZmYmtq=
C3LT5RIG6ygtmUMMLUMHTtK=,mJa0mtu0mtGXota3nJi1mG==,5y6F55sF,6lsI57Up6yEr6j6n,mteXmti0ndi3mW==,mtCYmtyWnZyXmW==,mtCYmtyWnZyXm18XmteXmJq0mJCZxZiWnde1nde4mtKWnZyYnti=
C3LT5RIG6ygtmUMMLUMHTtG=,mJaWmtG0nJGZoti3mZi2mq==,5y6F55sF,6lsI57Up6yEr6j6n,mteXmti0ndi3mW==,mtCYmtyWnZyXmW==,mtCYmtyWnZyXm18XmteXmJq0mJCZxZiWmde4ndy4mZKYnZmYnJe=
C3LT5RIG6ygtmUMMLUMHTty=,mZa1mta0ntGWoty3nteZoq==,5y6F55sF,6lsI57Up6yEr6j6n,mteXmti0ndi3mW==,mtCYmtyWnZyXmW==,mtCYmtyWnZyXm18XmteXmJq0mJCZxZmWnteWndu4mdK2nZuXmZK=
C3LT5RIG6ygtmUMMLUMHTtu=,nZa0mtG0mJGZote3mJeZoa==,5y6F55sF,6lsI57Up6yEr6j6n,mteXmti0ndi3mW==,mtCYmtyWnZyXmW==,mtCYmtyWnZyXm18XmteXmJq0mJCZxZCWnde4ndi4mZKXnZiXmZG=
C3LT5RIG6ygtmUMMLUMHTtm=,mta0mtK0mdGXotK3oteWnq==,5y6F55sF,6lsI57Up6yEr6j6n,mteXmti0ndi3mW==,mtCYmtyWnZyXmW==,mtCYmtyWnZyXm18XmteXmJq0mJCZxZeWnde5nda4mtK5nZKXmdu=
C3LT5RIG6ygtmUMMLUMHTti=,mZaXmta0mtG1otK3nZe0mW==,5y6F55sF,6lsI57Up6yEr6j6n,mteXmti0ndi3mW==,mtCYmtyWnZyXmW==,mtCYmtyWnZyXm18XmteXmJq0mJCZxZmWmteWnde4ntK5nZCXndm=
A2JMUkdPGzmX5yAf5A656Ag15O+s5Bgp,oda0mta0ndG5nZe5mZCWma==,5O+s5BgpmI4W,5As05P2H6lwe6k6V,mteXmtmYmJaZoa==,mtCYmtyWnZyXmW==,mtCYmtyWnZyXm18XmteXmZiYmdm4xZGWndeWndq4otCXotm3mda=
A2JMUkdPGzmX6AAw6Ag15O+s5Bgp,oda4mta0mdGXnZm5mty2oq==,5O+s5BgpmI4W,5As05P2H6lwe6k6V,mteXmtmYmJaZoa==,mtCYmtyWnZyXmW==,mtCYmtyWnZyXm18XmteXmZiYmdm4xZGWodeWnda4mtCZote2nJK=
A2JMUkdPGzmX5yAf5A656Ag1mJi=,nda5mta0nJG0nZm5odyWnq==,5y6F55sF,5As05P2H6lwe6k6V,mteXmtmYmJaZoa==,mtCYmtyWnZyXmW==,mtCYmtyWnZyXm18XmteXmZiYmdm4xZqWoteWndy4ndCZotG2mdu=
A2JMUkdPGzmX5yAf5A656Ag1mJe=,mZa4mta0mdG0nZK5ndy5na==,5y6F55sF,5As05P2H6lwe6k6V,mteXmtmYmJaZoa==,mtCYmtyWnZyXmW==,mtCYmtyWnZyXm18XmteXmZiYmdm4xZmWodeWnda4ndC5otq2otq=
A2JMUkdPGzmX5yAf5A656Ag1mJa=,otaXmtG0nJGXnZK5ody2mW==,5y6F55sF,5As05P2H6lwe6k6V,mteXmtmYmJaZoa==,mtCYmtyWnZyXmW==,mtCYmtyWnZyXm18XmteXmZiYmdm4xZKWmte4ndy4mtC5otG2nJm=
A2JMUkdPGzmX5yAf5A656Ag1mtK=,mZaZmtu0mdG5nZm5nZy0mG==,5y6F55sF,5As05P2H6lwe6k6V,mteXmtmYmJaZoa==,mtCYmtyWnZyXmW==,mtCYmtyWnZyXm18XmteXmZiYmdm4xZmWmZe1nda4otCZotC2ndi=
A2JMUkdPGzmX5yAf5A656Ag1mtG=,ndaYmtC0odGZnZy5mZy2mq==,5y6F55sF,5As05P2H6lwe6k6V,mteXmtmYmJaZoa==,mtCYmtyWnZyXmW==,mtCYmtyWnZyXm18XmteXmZiYmdm4xZqWmJe3ndG4mZC2otm2nJe=
A2JMUkdPGzmX5yAf5A656Ag1mtC=,mta0mti0mJGWnZq5nty2ma==,5y6F55sF,5As05P2H6lwe6k6V,mteXmtmYmJaZoa==,mtCYmtyWnZyXmW==,mtCYmtyWnZyXm18XmteXmZiYmdm4xZeWndeYndi4mdC0otu2nJa=
A2JMUkdPGzmX5yAf5A656Ag1mty=,mJa4mtu0mJG5nZy5otuXoq==,5y6F55sF,5As05P2H6lwe6k6V,mteXmtmYmJaZoa==,mtCYmtyWnZyXmW==,mtCYmtyWnZyXm18XmteXmZiYmdm4xZiWode1ndi4otC2otK1mtK=
A2JMUkdPGzmX5yAf5A656Ag1mtu=,odaXmtu0ndGXnZe5otuWoa==,5y6F55sF,5As05P2H6lwe6k6V,mteXmtmYmJaZoa==,mtCYmtyWnZyXmW==,mtCYmtyWnZyXm18XmteXmZiYmdm4xZGWmte1ndq4mtCXotK1mdG=
A2JMUkdPGzmX5yAf5A656Ag1mtq=,ndaZmtG0ndGWnZG5nZu5nW==,5y6F55sF,5As05P2H6lwe6k6V,mteXmtmYmJaZoa==,mtCYmtyWnZyXmW==,mtCYmtyWnZyXm18XmteXmZiYmdm4xZqWmZe4ndq4mdC4otC1otC=
A2JMUkdPGzmX5yAf5A656Ag1mtm=,mJa4mtq0otG3nZG5ndu1nG==,5y6F55sF,5As05P2H6lwe6k6V,mteXmtmYmJaZoa==,mtCYmtyWnZyXmW==,mtCYmtyWnZyXm18XmteXmZiYmdm4xZiWode0ndK4nZC4otq1nty=
A2JMUkdPGzmX5yAf5A656Ag1mti=,nZa0mtm0mZG0nZy5ntu4nq==,5y6F55sF,5As05P2H6lwe6k6V,mteXmtmYmJaZoa==,mtCYmtyWnZyXmW==,mtCYmtyWnZyXm18XmteXmZiYmdm4xZCWndeZndm4ndC2otu1odu=
A2JMUkdPGzmX5yAf5A656Ag1mte=,ntaYmtm0ntG2nZq5nduZna==,5y6F55sF,5As05P2H6lwe6k6V,mteXmtmYmJaZoa==,mtCYmtyWnZyXmW==,mtCYmtyWnZyXm18XmteXmZiYmdm4xZuWmJeZndu4nJC0otq1mZq=
A2JMUkdPGzmX5yAf5A656Ag1mta=,nZaYmti0mdG2nZm5nZu1mW==,5y6F55sF,5As05P2H6lwe6k6V,mteXmtmYmJaZoa==,mtCYmtyWnZyXmW==,mtCYmtyWnZyXm18XmteXmZiYmdm4xZCWmJeYnda4nJCZotC1ntm=
A2JMUkdPGzmX5yAf5A656Ag1oq==,mJa5mtG0odGXnZy5mJu1mG==,5y6F55sF,5As05P2H6lwe6k6V,mteXmtmYmJaZoa==,mtCYmtyWnZyXmW==,mtCYmtyWnZyXm18XmteXmZiYmdm4xZiWote4ndG4mtC2oti1nti=
A2JMUkdPGzmX5yAf5A656Ag1oa==,ota2mti0mtG2nZe5mZu1mq==,5y6F55sF,5As05P2H6lwe6k6V,mteXmtmYmJaZoa==,mtCYmtyWnZyXmW==,mtCYmtyWnZyXm18XmteXmZiYmdm4xZKWnJeYnde4nJCXotm1nte=
A2JMUkdPGzmX5yAf5A656Ag1nW==,nJaXmta0nJG3nZe5mduYma==,5y6F55sF,5As05P2H6lwe6k6V,mteXmtmYmJaZoa==,mtCYmtyWnZyXmW==,mtCYmtyWnZyXm18XmteXmZiYmdm4xZyWmteWndy4nZCXota1mJa=
A2JMUkdPGzmX5yAf5A656Ag1na==,mZaWmtq0ntG2nZy5mZq0nW==,5y6F55sF,5As05P2H6lwe6k6V,mteXmtmYmJaZoa==,mtCYmtyWnZyXmW==,mtCYmtyWnZyXm18XmteXmZiYmdm4xZmWmde0ndu4nJC2otm0ndC=
A2JMUkdPGzmX5yIx6kgO6Ag1mty=,nJa1mta0nJGWnZG5mJq1mW==,5y6F55sF,5As05P2H6lwe6k6V,mteXmtmYmJaZoa==,mtCYmtyWnZyXmW==,mtCYmtyWnZyXm18XmteXmZiYmdm4xZyWnteWndy4mdC4oti0ntm=
A2JMUkdPGzmX5yIx6kgO6Ag1mtu=,mZa2mtK0nZG4nZG5odq5mG==,5y6F55sF,5As05P2H6lwe6k6V,mteXmtmYmJaZoa==,mtCYmtyWnZyXmW==,mtCYmtyWnZyXm18XmteXmZiYmdm4xZmWnJe5ndC4odC4otG0oti=
A2JMUkdPGzmX5yIx6kgO6Ag1mtq=,nJaZmtm0ndG3nZu5nZq4mq==,5y6F55sF,5As05P2H6lwe6k6V,mteXmtmYmJaZoa==,mtCYmtyWnZyXmW==,mtCYmtyWnZyXm18XmteXmZiYmdm4xZyWmZeZndq4nZC1otC0ode=
A2JMUkdPGzmX5yIx6kgO6Ag1mtm=,ota5mte0mJG1nZC5mtq0ma==,5y6F55sF,5As05P2H6lwe6k6V,mteXmtmYmJaZoa==,mtCYmtyWnZyXmW==,mtCYmtyWnZyXm18XmteXmZiYmdm4xZKWoteXndi4ntC3ote0nda=
A2JMUkdPGzmX5yIx6kgO6Ag1mti=,ndaZmty0ntG4nZK5otmYoq==,5y6F55sF,5As05P2H6lwe6k6V,mteXmtmYmJaZoa==,mtCYmtyWnZyXmW==,mtCYmtyWnZyXm18XmteXmZiYmdm4xZqWmZe2ndu4odC5otKZmJK=
A2JMUkdPGzmX5yIx6kgO6Ag1mte=,nZaYmtK0ntGZnZm5mdm5oa==,5y6F55sF,5As05P2H6lwe6k6V,mteXmtmYmJaZoa==,mtCYmtyWnZyXmW==,mtCYmtyWnZyXm18XmteXmZiYmdm4xZCWmJe5ndu4mZCZotaZotG=
